menachem,9/5/23,1100
sok,9/5/23,3005
dina,9/5/23,500
marcelo,9/5/23,600
stephen,9/5/23,500
oved,9/5/23,1000
jian,9/5/23,2000
joshua,9/5/23,1300
andrei,9/5/23,800
andrei,9/5/23,500
andrei,9/5/23,800
christian,9/5/23,2500
leo,9/5/23,1500
ahmed,9/5/23,1000
madison,9/5/23,2400
hugues,9/5/23,15000
ryan,9/5/23,477
lucas,9/5/23,900
nelson,9/5/23,950
gordon,9/5/23,1059
dániel,9/5/23,500
ionut,9/5/23,1000
marson,9/5/23,1500
keetan,9/5/23,650
bria,9/5/23,500
brandon,9/5/23,800
kurt,9/5/23,2350
joseph,9/5/23,4200
kenneth,9/5/23,1500
justin,9/5/23,5000
andrew,9/5/23,2000
fan,9/5/23,1387
kyle,9/5/23,5000
ali,9/5/23,563
wray,9/5/23,1000
fei,9/5/23,2917
jed,9/5/23,2000
tony,9/5/23,2000
tony,9/5/23,1000
james,9/1/23,2400
yannick,9/1/23,700
james,9/1/23,500
miguel,9/1/23,520
viktor,9/1/23,3700
hisham,9/1/23,2200
emmanuel,9/1/23,1350
david,9/1/23,970
kevin,9/1/23,1000
emmanuel,9/1/23,1350
raige,9/1/23,1000
george,9/1/23,3500
morgan,9/1/23,400
vincent,9/1/23,6550
diego,9/1/23,2200
mason,9/1/23,2400
jakub,9/1/23,3000
ejiro,9/1/23,1000
jorge,9/1/23,4250
davor,9/1/23,1882
pasquale,9/1/23,2150
gerald,9/1/23,2000
riyaz,9/1/23,8000
mofolasayo,9/1/23,1500
kyle,9/1/23,1050
dato,9/1/23,290
alfonso,9/1/23,1600
alfonso,9/1/23,1650
rafal,9/1/23,1000
jacob,9/1/23,1000
alfonso,9/1/23,1050
pin,9/1/23,1000
gao,9/1/23,2000
you,9/1/23,2000
diego,9/1/23,4136
rafal,9/1/23,1000
bryan,9/1/23,200
christina,9/1/23,600
levani,9/1/23,12378
johan,9/1/23,1000
michael,8/31/23,11450
jian,8/31/23,1536
damian,8/31/23,17875
juan,8/31/23,5300
somvattana,8/31/23,1500
jacob,8/31/23,1300
buldad,8/31/23,700
daniel,8/31/23,2500
eric,8/31/23,6300
anurag,8/31/23,3200
lukas,8/31/23,1481
luke,8/31/23,2231
christopher,8/31/23,500
samantha,8/31/23,2847
uzaif,8/31/23,4500
weijun,8/31/23,1976
joseph,8/31/23,500
lan,8/31/23,6000
karl,8/31/23,3000
chia,8/31/23,5000
alex,8/31/23,2700
john,8/31/23,3500
michael,8/31/23,1750
shena,8/31/23,1250
joel,8/31/23,820
tim,8/31/23,3300
joshua,8/31/23,1197
sebastien,8/31/23,700
samuel,8/31/23,1600
cleve,8/31/23,200
christopher,8/31/23,1500
caven,8/30/23,1200
morgan,8/30/23,1600
rossanna,8/30/23,500
william,8/30/23,1250
ambrose,8/30/23,5000
william,8/30/23,500
brandon,8/30/23,750
brady,8/30/23,3720
christopher,8/30/23,2000
haider,8/30/23,2771
jack,8/30/23,2050
víctor,8/30/23,915
william,8/30/23,1250
chi,8/30/23,5616
viktor,8/30/23,4000
brady,8/30/23,3620
edin,8/30/23,530
mykhaylo,8/30/23,1000
brady,8/30/23,3375
kevin,8/30/23,1237
daniel,8/30/23,1000
matthew,8/30/23,2100
brian,8/30/23,5200
iesha,8/30/23,858
christopher,8/30/23,550
ki,8/30/23,1000
kyle,8/30/23,800
morgan,8/30/23,1000
chad,8/30/23,552
larry,8/30/23,1500
jacob,8/30/23,1850
gary,8/30/23,1450
gary,8/30/23,1450
joel,8/30/23,500
jalen,8/30/23,6000
jan,8/30/23,6500
olivier,8/30/23,600
tomiloba,8/30/23,2700
jared,8/30/23,2000
lance,8/30/23,43
saad,8/30/23,1998
saad,8/30/23,5618
saad,8/30/23,5683
bruce,8/29/23,900
alejandro,8/29/23,7000
solomon,8/29/23,1000
rey,8/29/23,2000
garrett,8/29/23,1500
chad,8/29/23,1135
brandon,8/29/23,100
adam,8/29/23,1500
jonathan,8/29/23,450
yaroslav,8/29/23,2500
zachary,8/29/23,600
sen,8/29/23,444
james,8/29/23,3650
christian,8/29/23,1600
abdifatah,8/29/23,1500
damian,8/29/23,14250
jahvin,8/29/23,7500
antonino,8/29/23,845
jorge,8/29/23,1500
janette,8/29/23,414
mahmoud,8/29/23,310
maxime,8/29/23,1858
andrius,8/29/23,2300
nicholas,8/29/23,9509
ismail,8/29/23,4100
arvid,8/29/23,2000
alexys,8/29/23,291
djon-paul,8/29/23,1059
robert,8/29/23,1000
zoumanan,8/29/23,3000
jeremiah,8/29/23,2200
becker,8/29/23,10000
tim,8/29/23,600
james,8/29/23,2500
inocencia,8/29/23,455
ian,8/29/23,100
ryan,8/28/23,700
dylan,8/28/23,2000
cesserline,8/28/23,300
mohamed,8/28/23,1500
meng-ping,8/28/23,3000
reynan,8/28/23,1100
alexis,8/28/23,863
ayyappa,8/28/23,880
sok,8/28/23,1727
dennis,8/28/23,14500
salvador,8/28/23,600
yu,8/28/23,4950
juan,8/28/23,5317
bryan,8/28/23,1200
nick,8/28/23,1180
guillaume,8/28/23,4156
john,8/28/23,2500
antonio,8/28/23,2500
jolyn,8/28/23,500
john,8/28/23,2500
luiz,8/28/23,867
yao-jen,8/28/23,5500
masud,8/28/23,6099
kevin,8/28/23,1200
balram,8/28/23,1000
worth,8/28/23,640
manvir,8/28/23,21500
jaime,8/28/23,2000
ion,8/28/23,1263
zack,8/28/23,886
zack,8/28/23,445
joshua,8/28/23,905
john,8/28/23,947
raymond,8/25/23,489
elizabeth,8/25/23,500
brian,8/25/23,2000
jaiden,8/25/23,9956
austin,8/25/23,425
austin,8/25/23,3446
steven,8/25/23,110
andrew,8/25/23,9971
matthew,8/25/23,1000
ajay,8/25/23,3250
lien,8/25/23,2500
james,8/25/23,5000
benjamin,8/25/23,2267
nghia,8/25/23,810
vladyslav,8/25/23,500
daviti,8/25/23,900
nelson,8/25/23,1300
kao,8/25/23,1272
malik,8/25/23,3000
blake,8/25/23,639
kyle,8/25/23,350
lucas,8/25/23,1265
kyle,8/25/23,350
fan,8/25/23,1191
kaeona,8/25/23,2632
chris,8/25/23,500
osmany,8/25/23,850
cyrus,8/25/23,5000
rebecca,8/25/23,540
kyle,8/25/23,5800
kyle,8/25/23,350
romain,8/25/23,2000
david,8/24/23,500
daniel,8/24/23,6125
james,8/24/23,2000
glentis,8/24/23,1361
samantha,8/24/23,8600
julio,8/24/23,312
joshua,8/24/23,621
carlos,8/24/23,800
amer,8/24/23,250
daniel,8/24/23,600
daniel,8/24/23,600
kaknika,8/24/23,1870
zhi,8/24/23,4750
glentis,8/24/23,1287
priyan,8/24/23,1000
glentis,8/24/23,803
vignesh,8/24/23,750
arthur,8/24/23,1250
dorin,8/24/23,1260
corey,8/24/23,2800
mathieu,8/24/23,739
alisina,8/24/23,1500
mofolasayo,8/24/23,2000
brett,8/24/23,1713
dario,8/24/23,2400
harkarn,8/24/23,2200
bartosz,8/24/23,382
bartosz,8/24/23,244
bartosz,8/24/23,281
ceeb,8/24/23,1077
manvir,8/24/23,7000
ryan,8/24/23,772
fabien,8/24/23,373
brian,8/24/23,2179
james,8/23/23,250
gilberto,8/23/23,1000
david,8/23/23,508
pedro,8/23/23,500
pedro,8/23/23,500
carlos,8/23/23,900
taylor,8/23/23,2000
michael,8/23/23,5400
cris,8/23/23,7600
vladimrias,8/23/23,1900
charles,8/23/23,500
yenshuo,8/23/23,832
hazimas,8/23/23,1940
james,8/23/23,1060
vladimrias,8/23/23,1940
vladimrias,8/23/23,1930
ovidiu,8/23/23,600
tru,8/23/23,711
jose,8/23/23,9130
jack,8/23/23,1000
aayush,8/23/23,10000
artem,8/23/23,3200
jovanni,8/23/23,570
kunlin,8/23/23,888
marthinus,8/23/23,900
robert,8/23/23,1500
kevin,8/23/23,1800
ahmed,8/23/23,500
kenny,8/23/23,675
hao-wei,8/23/23,6000
joe,8/23/23,500
james,8/23/23,4000
jarod,8/23/23,1000
bilal,8/23/23,2750
kyung,8/23/23,1200
joseph,8/23/23,1650
olaoluwa,8/23/23,2483
suu,8/23/23,1000
kelvin,8/23/23,1500
rachad,8/23/23,275
zhou,8/23/23,1055
daniel,8/23/23,600
michael,8/23/23,5000
fabio,8/23/23,150
itai,8/23/23,3300
moulay,8/23/23,3971
moulay,8/23/23,3949
moulay,8/23/23,4194
giber,8/23/23,1400
sangjoon,8/22/23,1000
tohid,8/22/23,2880
siou,8/21/23,3580
brian,8/21/23,2542
venkata,8/22/23,1000
brandon,8/22/23,20000
brandon,8/22/23,20000
madison,8/22/23,3103
curtwell,8/22/23,2056
nicky,8/22/23,920
itai,8/22/23,3300
sandeep,8/22/23,500
lien,8/22/23,1200
itai,8/22/23,3400
william,8/22/23,1000
william,8/22/23,500
pierre,8/22/23,500
miguel,8/22/23,1000
bartosz,8/22/23,3170
martin,8/22/23,4500
yong-hong,8/22/23,275
pushpendra,8/22/23,200
aleksandr,8/22/23,850
sung,8/22/23,1229
brian,8/22/23,2000
hong,8/22/23,2000
sahil,8/22/23,1930
yessika,8/22/23,820
diego,8/22/23,2000
fernando,8/22/23,1750
wali,8/22/23,1500
eli,8/22/23,10187
christopher,8/22/23,1500
wali,8/22/23,1500
wali,8/22/23,1500
anastasiya,8/22/23,500
mustafa,8/22/23,1578
jorge,8/22/23,800
sangjoon,8/22/23,1000
paul,8/22/23,1000
douglas,8/22/23,1480
ilhan,8/22/23,1757
gordon,8/22/23,1200
ya,8/22/23,6899
michael,8/22/23,2190
jeffrey,8/22/23,1800
suleman,8/22/23,3048
ryan,8/22/23,392
fatima,8/22/23,125
stella,8/22/23,500
jomari,8/22/23,950
tohid,8/22/23,2880
david,8/16/23,3500
carmelo,8/17/23,820
allen,8/17/23,4000
vladislav,8/16/23,762
christopher,8/17/23,2600
nicolás,8/15/23,1653
allen,8/17/23,4000
gyee,8/16/23,3250
gyee,8/16/23,3700
thomas,8/15/23,2743
allen,8/17/23,4000
jacob,8/14/23,1000
sung,8/15/23,4819
yung-chiuan,8/15/23,406
edwin,8/14/23,500
roger,8/14/23,3400
abu,8/14/23,1000
marthinus,8/14/23,1800
fernando,8/11/23,785
logan,8/11/23,500
javier,8/14/23,400
josh,8/11/23,545
wensheng,8/10/23,1500
vladislav,8/16/23,762
thor-erik,8/11/23,1210
jonathan,8/11/23,400
jesse,8/11/23,772
brian,8/10/23,450
joy,8/10/23,512
tohid,8/10/23,2000
samuel,8/9/23,100
rachad,8/9/23,1545
sung,8/9/23,1691
chad,8/9/23,1351
abu,8/14/23,1000
christopher,8/17/23,2600
thomas,8/15/23,2743
marthinus,8/14/23,1800
javier,8/14/23,400
joy,8/10/23,512
jesse,8/11/23,772
chad,8/9/23,1351
hoang,8/8/23,2700
césar,8/7/23,12000
carson,8/4/23,1000
kevin,8/3/23,4000
joe,8/2/23,750
hugues,8/8/23,12000
kevin,8/8/23,2219
sarah,8/8/23,800
darshil,8/7/23,500
hoang,8/8/23,2700
césar,8/7/23,12000
chad,8/7/23,650
christopher,8/7/23,2000
worth,8/4/23,200
mustafa,8/4/23,681
william,8/4/23,1100
carson,8/4/23,1000
chen,8/3/23,2000
manuel,8/3/23,4350
gaurav,8/3/23,2350
quentin,8/2/23,1058
kevin,8/3/23,4000
logan,8/2/23,728
chad,8/2/23,8000
joe,8/2/23,750
ryan,8/17/23,1000
john,8/17/23,1808
pin,8/17/23,2000
michael,8/17/23,2241
alejandro,8/17/23,1000
wyatt,8/17/23,500
lani,8/17/23,4000
chase,8/17/23,1000
kevin,8/17/23,2240
pedro,8/17/23,2800
benny,8/17/23,1400
james,8/17/23,385
christian,8/17/23,990
travis,8/17/23,600
moris,8/17/23,1850
suhail,8/17/23,827
jasmine,8/17/23,900
timothy,8/17/23,1500
aaron,8/17/23,2000
chengyou,8/17/23,1200
charles,8/17/23,10000
alvaro,8/17/23,1175
carmelo,8/17/23,800
conor,8/17/23,2300
carmelo,8/17/23,820
carmelo,8/17/23,850
kruti,8/17/23,4000
midhun,8/17/23,3250
cheta,8/17/23,1200
dennis,8/17/23,4400
marson,8/17/23,2100
samuel,8/17/23,4000
branden,8/17/23,1840
cody,8/17/23,400
alexius,8/17/23,5000
nelson,8/17/23,1250
brian,8/17/23,1080
david,8/17/23,3000
allen,8/17/23,4000
allen,8/17/23,4000
christopher,8/17/23,2600
allen,8/17/23,4000
jostin,8/16/23,500
katerina,8/16/23,900
balram,8/16/23,2000
reginald,8/16/23,1000
moses,8/16/23,3870
eoin,8/16/23,538
vista,8/16/23,1000
quaye,8/16/23,2500
quaye,8/16/23,2500
lim,8/16/23,400
stephen,8/16/23,1000
nick,8/16/23,2000
patrick,8/16/23,2000
chad,8/16/23,343
zhuang,8/16/23,8500
gyee,8/16/23,3700
edna,8/16/23,500
kao,8/16/23,1736
michael,8/16/23,2130
blake,8/16/23,950
fan,8/16/23,772
quoc,8/16/23,1200
anani,8/16/23,6045
kevin,8/16/23,2280
luiz,8/16/23,713
joshua,8/16/23,835
moses,8/16/23,3879
jordan,8/16/23,5250
justin,8/16/23,5100
david,8/16/23,3500
gyee,8/16/23,3250
gyee,8/16/23,3700
vladislav,8/16/23,762
brandon,8/15/23,10000
james,8/15/23,3300
brandon,8/15/23,10000
shaquan,8/15/23,500
yonathan,8/15/23,1000
moulay,8/15/23,3300
moulay,8/15/23,3300
glentis,8/15/23,2569
moulay,8/15/23,3400
glentis,8/15/23,2658
afyz,8/15/23,1000
baffour,8/15/23,638
alejandro,8/15/23,5200
joel,8/15/23,1645
kevin,8/15/23,2250
joel,8/15/23,1910
joel,8/15/23,1267
mofolasayo,8/15/23,4000
michael,8/15/23,400
callum,8/15/23,800
dickson,8/15/23,1650
rodney,8/15/23,3000
jeffrey,8/15/23,1500
nicolás,8/15/23,1653
jeffrey,8/15/23,1800
emeline,8/15/23,3600
samantha,8/15/23,9000
osvaldo,8/15/23,206
terry,8/15/23,1900
sung,8/15/23,4819
yung-chiuan,8/15/23,406
thomas,8/15/23,2743
patrick,8/14/23,1250
richard,8/14/23,500
elton,8/14/23,4000
mustafa,8/14/23,1278
yao,8/14/23,10000
masihullah,8/14/23,3000
bartosz,8/14/23,1030
masihullah,8/14/23,3000
william,8/14/23,1500
oscar,8/14/23,1000
curtwell,8/14/23,2052
dániel,8/14/23,800
yusheng,8/14/23,1000
adam,8/14/23,200
john,8/14/23,640
jose,8/14/23,450
jose,8/14/23,975
alvin,8/14/23,1432
kyung,8/14/23,1600
sourabh,8/14/23,1515
alhassan,8/14/23,1590
amnaj,8/14/23,710
japmeet,8/14/23,701
zach,8/14/23,500
harmandeep,8/14/23,850
olusegun,8/14/23,800
manuel,8/14/23,5330
stephen,8/14/23,917
rehan,8/14/23,156
kumail,8/14/23,100
jason,8/14/23,500
brandon,8/14/23,450
jacob,8/14/23,1000
tai-yu,8/14/23,2600
roger,8/14/23,3400
edwin,8/14/23,500
abu,8/14/23,1000
marthinus,8/14/23,1800
javier,8/14/23,400
robert,8/11/23,350
savannah,8/11/23,1306
rey,8/11/23,3160
samuel,8/11/23,2000
syed,8/11/23,2213
samuel,8/11/23,2000
jolyn,8/11/23,500
joey,8/11/23,600
sarath,8/11/23,1000
chad,8/11/23,642
joel,8/11/23,1017
fernando,8/11/23,785
nicholas,8/11/23,2000
marck,8/11/23,1050
tim,8/11/23,2500
giovanni,8/11/23,970
columbus,8/11/23,1500
josh,8/11/23,545
joel,8/11/23,3014
lee,8/11/23,854
felipe,8/11/23,425
ybyray,8/11/23,400
samuel,8/11/23,1150
jorge,8/11/23,600
andrius,8/11/23,2400
matthew,8/11/23,2500
matthew,8/11/23,2350
matthew,8/11/23,2350
aau,8/11/23,1150
logan,8/11/23,500
thor-erik,8/11/23,1210
jonathan,8/11/23,400
jesse,8/11/23,772
robens,8/10/23,800
daniel,8/10/23,4004
adam,8/10/23,200
tyler,8/10/23,1000
thomas,8/10/23,160
tyler,8/10/23,1000
dylan,8/10/23,698
dylan,8/10/23,720
oscar,8/10/23,1630
robens,8/10/23,950
orhan-dogukan,8/10/23,1400
gary,8/10/23,1990
ebony,8/10/23,850
robens,8/10/23,700
dan,8/10/23,2000
kyung,8/10/23,500
varun,8/10/23,2215
ryan,8/10/23,3390
pierre,8/10/23,300
joel,8/10/23,1600
carlos,8/10/23,1000
jude,8/10/23,3000
benig,8/10/23,250
logan,8/10/23,750
brian,8/10/23,450
wensheng,8/10/23,1500
tohid,8/10/23,2000
joy,8/10/23,512
wei-da,8/9/23,5000
elias,8/9/23,2500
joel,8/9/23,750
elias,8/9/23,2500
emmanuel,8/9/23,2000
andrew,8/9/23,750
elias,8/9/23,2500
darius,8/9/23,6500
jamaal,8/9/23,1000
dylan,8/9/23,3000
michael,8/9/23,1400
giber,8/9/23,2600
leo,8/9/23,1370
michael,8/9/23,900
joan,8/9/23,1006
james,8/9/23,2000
wang,8/9/23,800
justin,8/9/23,7360
dato,8/9/23,349
krishna,8/9/23,1252
benjamin,8/9/23,2800
giovanne,8/9/23,850
stephen,8/9/23,400
jie,8/9/23,2000
li,8/9/23,947
dorian,8/9/23,1570
brandon,8/9/23,13805
marcos,8/9/23,1000
nelson,8/9/23,1250
joey,8/9/23,2459
zheng-xian,8/9/23,1194
zheng-xian,8/9/23,2733
leonor,8/9/23,2500
benjamin,8/9/23,4555
brian,8/9/23,2750
maxim,8/9/23,550
rachad,8/9/23,1545
samuel,8/9/23,100
sung,8/9/23,1691
chad,8/9/23,1351
aaron,8/8/23,3200
james,8/8/23,3200
guosheng,8/8/23,450
moulay,8/8/23,2700
moulay,8/8/23,2600
moulay,8/8/23,2900
zachary,8/8/23,1900
royi,8/8/23,1100
christian,8/8/23,1488
christian,8/8/23,1503
christian,8/8/23,1223
sheng-yuan,8/8/23,676
midhun,8/8/23,5000
hovhannes,8/8/23,600
joseph,8/8/23,1830
trustin,8/8/23,3104
christian,8/8/23,1200
sarah,8/8/23,800
chi,8/8/23,3199
tien,8/8/23,1006
thomas,8/8/23,200
hugues,8/8/23,12000
brian,8/8/23,900
thomas,8/8/23,3500
vincent,8/8/23,2250
kevin,8/8/23,2219
hoang,8/8/23,2700
baneesh,8/7/23,369
derrick,8/7/23,600
ruslan,8/7/23,950
derek,8/7/23,5100
charles,8/7/23,4000
spencer,8/7/23,1000
storm,8/7/23,2524
yusuf,8/7/23,1295
michael,8/7/23,2000
aleksandr,8/7/23,100
tyler,8/7/23,100
allen,8/7/23,4500
allen,8/7/23,4500
rodney,8/7/23,3000
allen,8/7/23,4500
cheta,8/7/23,1200
reginald,8/7/23,2800
vincent,8/7/23,1500
chou,8/7/23,4150
xavier,8/7/23,3000
kyung,8/7/23,500
genelyn,8/7/23,1000
kevin,8/7/23,1103
william,8/7/23,600
sean,8/7/23,500
harshal,8/7/23,1000
matthew,8/7/23,990
christopher,8/7/23,2000
césar,8/7/23,12000
darshil,8/7/23,500
chad,8/7/23,650
mananya,8/4/23,1445
emmanuel,8/4/23,1673
matros,8/4/23,700
emaan,8/4/23,1965
chien,8/4/23,2500
samantha,8/4/23,2500
samuel,8/4/23,6000
brian,8/4/23,500
yechiel,8/4/23,1000
chad,8/4/23,950
noah,8/4/23,2000
craig,8/4/23,500
zach,8/4/23,1728
matt,8/4/23,1825
hisham,8/4/23,1500
corey,8/4/23,1500
luis,8/4/23,2400
matt,8/4/23,970
riccardo,8/4/23,500
el,8/4/23,577
yuwei,8/4/23,759
andrew,8/4/23,1500
brandon,8/4/23,150
cesar,8/4/23,548
siou,8/4/23,5326
kevin,8/4/23,125
ryan,8/4/23,1500
kiyoshi,8/4/23,4534
christopher,8/4/23,2350
samuel,8/4/23,2700
juraj,8/4/23,4692
worth,8/4/23,200
mustafa,8/4/23,681
william,8/4/23,1100
carson,8/4/23,1000
tanyo,8/3/23,2430
curtwell,8/3/23,3281
tungchi,8/3/23,12529
jerald,8/3/23,1440
chen,8/3/23,2000
gaurav,8/3/23,2350
manuel,8/3/23,4350
kevin,8/3/23,4000
jerome,8/2/23,2500
oscar,8/2/23,1200
liu,8/2/23,2897
james,8/2/23,1000
michael,8/2/23,484
midhun,8/2/23,2000
venkata,8/2/23,4000
jesse,8/2/23,840
ryan,8/2/23,4075
simarjeet,8/2/23,8400
kao,8/2/23,4315
ryan,8/2/23,2500
kevin,8/2/23,1319
thiago,8/2/23,1000
omsby,8/2/23,1350
daniel,8/2/23,2045
antonio,8/2/23,700
quentin,8/2/23,1058
kwok,8/2/23,1900
logan,8/2/23,728
chad,8/2/23,8000
joe,8/2/23,750
david,8/1/23,1065
joel,8/1/23,1000
aau,8/1/23,1140
derek,8/1/23,1120
derek,8/1/23,1110
bion,8/1/23,3325
luke,8/1/23,2000
giber,8/1/23,2000
nicolas,8/1/23,675
nelson,8/1/23,1000
sahil,8/1/23,3600
robert,8/1/23,410
jorge,8/1/23,6500
moses,8/1/23,3850
berkay,8/1/23,1000
robert,8/1/23,430
moses,8/1/23,3850
yihsua,8/1/23,812
jose,8/1/23,1200
chad,8/1/23,375
nathaniel,8/1/23,1800
alexanter,8/1/23,1200
thor-erik,8/1/23,1250
joseph,8/1/23,3300
dylan,8/1/23,195
yao-jen,8/1/23,3400
djon-paul,8/1/23,2395
push,8/1/23,317
moses,8/1/23,4275
zheng-xiong,8/1/23,1900
kevin,8/1/23,1414
alexander,8/1/23,1728
rachad,8/1/23,835
gary,8/1/23,1000
shie,8/1/23,1000
tyler,8/1/23,1100
tyler,8/1/23,1100
hoang,8/1/23,2100
wei-da,8/1/23,3250
hoang,7/31/23,1400
masihullah,7/31/23,3000
farmer,7/31/23,4380
masihullah,7/31/23,3000
guangyin,7/31/23,2018
tyler,7/31/23,1100
aleksandar,7/31/23,500
jose,7/31/23,100
david,7/31/23,470
elvis,7/31/23,1610
vincent,7/31/23,1000
jonathon,7/31/23,500
alexis,7/31/23,2200
alex,7/31/23,600
erik,7/28/23,1500
xavier,7/28/23,2550
jesse,7/28/23,1000
lisa,7/28/23,1100
marson,7/28/23,2000
dylan,7/28/23,3500
jon-paul,7/28/23,3864
james,7/28/23,4340
samuel,7/28/23,800
chad,7/28/23,1615
wentian,7/27/23,1000
xiaoyu,7/27/23,2200
shao-en,7/27/23,1360
jie,7/27/23,334
benjamin,7/27/23,3579
juraj,7/27/23,3683
shiyear,7/27/23,1200
cody,7/27/23,1296
kiyoshi,7/27/23,1000
marck,7/27/23,250
corey,7/26/23,1500
richard,7/26/23,716
dabin,7/26/23,2780
dabin,7/26/23,2768
dabin,7/26/23,2768
samantha,7/26/23,6052
jack,7/26/23,3640
brian,7/26/23,1356
joel,7/26/23,750
henning,7/26/23,5000
caven,7/25/23,1080
matthew,7/25/23,1550
john,7/25/23,400
keith,7/25/23,5000
austin,7/25/23,747
luismer,7/25/23,2100
yu-hsuan,7/25/23,10061
levani,7/25/23,11500
fayez,7/25/23,3100
fayez,7/25/23,3100
hsu,7/24/23,3500
drew,7/24/23,4000
venkata,7/24/23,5000
atanas,7/24/23,200
chang,7/24/23,950
rodolfo,7/24/23,1500
sheng,7/24/23,8400
zachary,7/24/23,2500
alexanter,7/24/23,850
amir,7/24/23,5000
jenner,7/21/23,1000
lian,7/21/23,150
midhun,7/21/23,4450
geno,7/21/23,500
mark,7/21/23,6000
chad,7/21/23,1305
jaron,7/21/23,390
hung,7/21/23,4000
richard,7/21/23,1500
chad,7/21/23,1310
hung-chieh,7/20/23,10000
ibrahim,7/20/23,12132
doug,7/20/23,2200
juarez,7/20/23,403
kaknika,7/20/23,722
nestor,7/20/23,2500
tien,7/20/23,620
cheng-chieh,7/20/23,5469
hoang,7/20/23,2000
david,7/19/23,900
christopher,7/19/23,500
alberto,7/19/23,1100
lani,7/19/23,2000
james,7/19/23,2020
sandro,7/19/23,5500
ernesto,7/19/23,5800
cesar,7/19/23,800
emeline,7/19/23,1000
xiaoyu,7/19/23,2000
masihullah,7/18/23,1000
masihullah,7/18/23,1000
matthew,7/18/23,1200
erasmo,7/18/23,692
samantha,7/18/23,4183
shaun,7/18/23,1500
fahad,7/18/23,2250
octavio,7/18/23,3790
joey,7/18/23,750
joey,7/18/23,750
madison,6/26/23,4500
yun-ching,7/3/23,4000
shao-en,7/3/23,1525
ren,7/3/23,3002
michael,7/3/23,1075
adrian,7/3/23,2000
magnus,7/3/23,2000
magnus,7/3/23,2000
christian,7/3/23,600
venkata,7/12/23,4000
paul,7/14/23,900
kyle,7/14/23,500
noah,7/14/23,1000
viktor,7/14/23,125
henning,7/14/23,6000
hsin-hung,7/17/23,3000
tyler,7/17/23,880
tyler,7/17/23,882
tyler,7/17/23,877
jose,7/17/23,10000
brian,7/17/23,7500
todd,7/17/23,2550
alois,7/17/23,1500
fares,7/17/23,6035
chih-ling,6/26/23,600
tang,7/17/23,2015
matt,7/17/23,1339
matt,7/17/23,1309
cheng-tao,7/17/23,3500
levani,7/17/23,250
leslie,7/17/23,1700
tungchi,7/17/23,4900
carl,7/17/23,1000
sofiane,7/17/23,1025
blair,7/17/23,3759
nooa,7/14/23,906
ryan,7/14/23,2111
thiago,7/14/23,2000
magnus,7/14/23,3418
magnus,7/14/23,3571
jamaal,7/14/23,2500
tommy,7/14/23,2450
goudemand,7/14/23,1000
hung,7/14/23,10000
henning,7/14/23,5000
ion,7/13/23,2641
ritchie,7/13/23,4000
ion,7/13/23,1423
meng-ping,7/13/23,3800
eduardo,7/13/23,125
yao-jen,7/13/23,2800
vincent,7/13/23,4000
chih-ling,7/13/23,700
lance,7/13/23,700
tim,7/13/23,1000
brian,7/12/23,800
hassan,7/12/23,3500
gideon,7/12/23,1300
swadima,7/12/23,3000
farmer,7/12/23,1203
miguel,7/12/23,2900
james,7/12/23,2000
skyler,7/12/23,2200
jack,7/12/23,3190
shang,7/11/23,3300
roderick,7/11/23,700
dennis,7/11/23,8000
diego,7/11/23,3057
ryan,7/11/23,4225
priyan,7/11/23,500
hung,7/11/23,2400
hung,7/10/23,1600
tien,7/10/23,608
alfred,7/10/23,6000
roger,7/10/23,2500
gary,7/10/23,440
liam,7/10/23,1000
brent,7/10/23,1250
matt,7/10/23,1409
earl,7/10/23,830
matt,7/10/23,1434
nicholas,7/7/23,10000
xiaoyu,7/7/23,831
xin,7/7/23,2222
christopher,7/7/23,2500
henning,7/7/23,5000
brian,7/6/23,2000
steven,7/6/23,890
jason,7/6/23,559
michael,7/6/23,3000
sunish,7/6/23,3000
grant,7/6/23,3000
octavio,7/6/23,4700
swadima,7/6/23,2800
tony,7/5/23,2800
dmitri,7/5/23,1500
nariman,7/5/23,3331
douglas,7/5/23,2000
kevin,7/5/23,500
vincent,7/5/23,4000
leslie,7/5/23,675
russell,7/3/23,2900
fares,7/3/23,4616
ryan,7/3/23,4862
omar,7/3/23,3500
rashid,7/3/23,1000
mark,7/3/23,2077
lance,7/3/23,850
christopher,7/3/23,1500
donald,7/3/23,1000
christopher,7/3/23,1100
jasmin,6/30/23,160
anthony,6/30/23,701
stefanny,6/30/23,1200
marson,6/30/23,3000
nooa,6/30/23,1160
dabin,6/30/23,813
douglas,6/27/23,1700
wei,6/27/23,1000
dario,6/27/23,4300
farmer,6/27/23,2209
alexis,6/27/23,3400
danylo,6/27/23,4540
jason,6/27/23,1038
simarjeet,6/26/23,4500
brian,6/26/23,1200
brian,6/26/23,2600
kevin,6/26/23,3778
christopher,6/26/23,500
christopher,6/26/23,700
jason,6/26/23,550
ryan,6/26/23,3477
chih-ling,6/26/23,600
tang,6/26/23,1515
brian,6/26/23,500
chih-ling,6/26/23,600
bradley,6/9/23,2500
james,6/9/23,1895
anthony,6/9/23,4000
atanas,6/9/23,4000
frank,6/9/23,10000
patrick,6/9/23,4000
patrick,6/9/23,4000
patrick,6/9/23,4000
patrick,6/9/23,7000
derek,6/9/23,3000
nick,6/9/23,2500
ru,6/9/23,330
jared,6/9/23,1500
leslie,6/9/23,700
landu,6/9/23,2520
fares,6/9/23,3000
stepans,6/9/23,1000
ali,6/8/2023,5781
christopher,6/8/23,1593
rajesh,6/8/23,2159
hongjhih,6/8/23,5000
goudemand,6/8/23,1200
richard,6/8/23,5000
stefanny,6/8/23,600
ronmar,6/8/23,2625
jauntelle,6/8/23,756
scott,6/8/23,1130
dustin,6/7/23,794
tanya,6/7/23,1600
matt,6/7/23,195
matt,6/7/23,193
ian,6/7/23,4066
weiting,6/7/23,1445
moise,6/7/23,1000
jie,6/7/23,720
john,6/7/23,450
nicolo2001,6/7/23,6050
anthony,6/7/23,6000
joel,6/7/23,500
nooa,6/7/23,3233
paul,6/7/23,2000
matt,6/6/23,1010
matthew,6/6/23,1000
broc,6/6/2023,14400
tony,6/6/2023,4200
victor,6/6/23,387
browin,6/6/23,1603
valerie,6/6/23,5000
david,6/6/23,3900
ryan,6/6/23,3900
seyed,6/5/23,500
jaron,6/5/23,100
zane,6/5/23,1500
chung,6/5/23,10267
andrew,6/5/23,5000
micah,6/5/2023,300
juan,6/2/23,500
vy,6/2/23,4000
justin,6/2/23,1625
johnathan,6/2/23,1200
octavio,6/2/23,1509
dylan,6/2/23,220
john,6/2/23,1150
mohammed,6/2/23,2950
lim,6/2/23,200
abelardo,6/2/23,1900
christopher,6/2/2023,5000
ibrahim,6/2/2023,6845
austin,6/2/23,1250
tang,6/2/23,550
dmitriy,6/2/23,500
swadima,6/1/23,375
swadima,6/1/23,3000
julien,6/1/23,175
danylo,6/1/23,2008
michael,6/1/23,4800
willie,6/1/23,1200
nic,6/1/23,2000
quaye,6/1/23,1100
daniel,6/1/23,1200
drew,6/1/23,2500
aaron,6/1/23,1000
chang,6/1/23,780
juraj,6/1/23,1040
juraj,6/1/23,1070
juraj,6/1/23,1430
anthony,6/1/23,2947
ki,6/1/23,600
colin,6/1/2023,4384
titre,6/1/2023,18000
jarod,5/31/23,250
nick,5/31/23,2500
corey,5/31/23,1000
glenn,5/31/23,2500
christian,5/31/23,1148
ibrahim,5/31/23,5377
ibrahim,5/31/23,5384
ibrahim,5/31/23,5407
xin,5/30/23,8600
browin,5/30/23,1643
david,5/30/23,1999
fares,5/30/23,1898
brian,5/30/23,3000
roby,5/30/23,7000
trevon,5/30/23,1634
shoqiab,5/30/23,1481
sheng,5/26/23,10000
isaac,5/26/23,1500
juan,5/26/23,500
derrick,5/26/23,3000
patrick,5/26/23,3000
patrick,5/26/23,3000
patrick,5/26/23,3000
jeffrey,5/26/23,1400
nicolas,5/26/23,5000
anthony,5/26/23,4000
susannah,5/26/23,700
juwon,5/26/23,1000
jake,5/25/23,369
mathew,5/25/23,500
vy,5/25/23,900
jose,5/25/23,10000
dario,5/25/23,5205
nicholas,5/25/23,350
daniel,5/25/2023,2100
brian,5/25/2023,10000
ronmar,5/25/23,1153
rodney,5/25/23,3500
joan,5/24/23,2965
bing,5/24/23,500
cole,5/24/23,800
lance,5/24/23,500
juan,5/24/23,6700
diana,5/23/23,2100
daniel,5/23/23,2925
stephen,5/23/23,250
stephen,5/23/23,250
leonard,5/23/23,3100
thomas,5/23/23,2000
jake,5/23/23,200
rodrigo,5/23/23,1400
shanyu,5/23/23,2017
ki,5/23/23,500
dario,5/23/23,5025
dario,5/23/23,5889
charles,5/23/23,2050
joseph,5/23/23,400
ibrahim,5/23/2023,5948
tony,5/23/2023,2440
quentin,5/17/23,200
lin,5/22/23,700
mitchell,5/22/23,310
ambrose,5/22/23,2350
chad,5/22/23,1465
bb,5/22/23,100
corey,5/22/23,1000
ryan,5/22/23,2750
danylo,5/22/23,1401
jorge,5/22/23,1500
ibrahim,5/22/23,5991
ibrahim,5/22/23,5991
ibrahim,5/22/23,6045
james,5/22/23,2620
jeff,5/22/23,740
wu,5/22/23,1800
john,5/19/23,630
rodney,5/19/23,5000
jung,5/19/2023,14064
scotty,5/19/23,777
sung,5/19/23,156
venkata,5/19/23,5000
christian,5/19/23,1094
brent,5/19/23,1000
bowei,5/19/23,7322
peter,5/19/23,10000
paul,5/19/23,3000
atanas,5/19/23,600
robert,5/18/23,5860
cheng,5/18/23,1522
ricky,5/18/2023,2500
drew,5/18/23,2384
michael,5/18/23,124
michael,5/18/23,123
elvis,5/18/23,700
sangeet,5/18/23,950
cheng,5/17/2023,4395
quentin,5/17/23,200
kyle,5/17/23,700
olawale,5/17/23,393
peter,5/17/23,3203
samantha,5/17/23,1638
georg,5/17/23,2486
trustin,5/17/23,3410
guillaume,5/17/23,4500
clarkson,5/17/2023,1200
shihwei,5/16/23,531
michael,5/16/23,903
gino,5/16/23,2917
darrell,5/16/23,3400
jared,5/16/23,2005
jamaal,5/16/2023,7778
ibrahim,5/16/2023,6099
daniel,5/16/23,2400
sung,5/16/23,339
leonard,5/16/23,625
juan,5/16/23,6600
austin,5/15/23,447
syed,5/15/23,1000
luka,5/15/23,2100
jared,5/15/23,1900
thomas,5/15/23,2000
drew,5/15/23,2500
victor,5/15/23,4500
ibrahim,5/15/23,3238
ibrahim,5/15/23,3253
ibrahim,5/15/23,3139
jesse,5/15/23,4650
chad,5/15/23,1830
sebastian,5/12/23,2650
tev,5/12/23,3000
zane,5/12/23,4588
jonathan,5/12/23,312
melanie,5/12/23,2146
broc,5/12/2023,4380
dean,5/12/23,7400
alexandr,5/12/23,1000
jian,5/12/23,423
ahmed,5/12/23,200
matthew,5/12/23,2000
jared,5/12/23,1500
georg,5/12/23,1600
derrick,5/12/23,873
aaron,5/12/23,4000
joe,5/12/23,2000
aleksandar,5/11/23,3876
joe,5/11/23,450
dario,5/11/23,3700
tony,5/11/2023,2500
darrell,5/11/23,4000
justin,5/11/23,720
darrell,5/11/23,2100
reiman,5/11/23,3000
ryan,5/11/23,4019
colin,5/11/23,5391
hf,5/11/23,1403
brad,5/11/23,4075
christian,5/10/2023,3000
bowei,5/10/23,5355
ashanti,5/9/23,200
curtwell,5/9/23,2089
dadie,5/9/23,5137
joshua,5/9/23,287
daniel,5/8/23,2100
danylo,5/8/23,915
yungyi,5/8/23,4500
wei-da,5/5/23,4499
ricky,5/5/23,2000
kai,5/5/23,3000
jung,5/5/23,10000
xing,5/4/2023,10865
jose,5/4/2023,145
chun-yi,5/4/2023,2228
yungyi,5/4/23,160
brian,5/4/2023,3000
milady,5/4/23,646
gregory,5/4/2023,3450
goudemand,5/4/23,1500
mateusz,5/4/23,675
jin,5/4/23,3650
daniel,5/4/23,1500
isaac,5/3/2023,6444
isaac,5/3/2023,6444
thomas,5/3/23,1000
calvyn,5/3/23,4000
alexis,5/3/23,4000
bryan,5/3/23,2000
broc,5/2/2023,8700
fatima,5/2/23,1953
stephen,5/2/23,500
maksymilian,5/2/23,5485
ricky,5/1/23,1750
wray,5/1/23,2500
joy,5/1/23,969
mena,4/28/2023,117
duy,4/28/2023,5000
jose,4/28/23,5000
nicholas,4/28/23,2800
juan,4/28/23,850
joseph,4/28/23,2295
chia-hsiu,4/28/23,2820
hong-jhih,4/27/2023,5000
ibrahim,4/27/2023,7500
emily,4/27/23,3000
brian,4/27/23,6526
brian,4/27/23,5571
tsam,4/27/23,4330
eric,4/26/23,2000
fayez,4/26/23,1521
rody,4/26/23,425
jeffrey,4/26/23,1000
brett,4/26/23,1004
xing,4/25/2023,10000
browin,4/25/23,1603
james,4/25/23,5383
freddie,4/25/23,5250
tris,4/24/23,9110
robert,4/24/2023,3000
hsu,4/24/23,256
brian,4/24/23,7250
spencer,4/24/23,1000
ryan,4/21/23,5000
dominik,4/21/23,400
jamaal,4/21/23,6560
jaden,4/21/23,3999
yu,4/21/2023,11000
joseph,4/21/23,812
chang,4/21/23,580
daniel,4/21/23,1500
jesse,4/21/23,500
danylo,4/21/23,1402
christopher,3/22/23,1500
jason,3/22/23,400
meng-ping,3/22/23,2500
bryan,3/23/23,2659
huang,3/23/23,700
chiu,3/23/23,3250
john,3/23/23,4000
ceeb,3/24/23,3500
hongjhih,3/24/23,5000
sarah,3/24/23,276
jason,3/27/23,1200
thuy,3/27/23,2000
yechiel,3/27/23,1000
tyler,3/28/23,300
nicholas,3/28/23,1316
asha,3/28/23,581
sean,3/28/23,2000
josh,3/28/23,1750
chen,3/28/23,1000
brian,3/28/23,7200
ricky,3/29/23,1000
alex,3/29/23,3569
fan,3/29/23,3078
george,3/29/23,750
riyaz,3/29/23,3000
duy,3/29/23,10000
jae,3/29/23,1245
pete,3/29/23,5000
austin,3/29/23,405
austin,3/29/23,165
gautam,3/30/23,4487
wen,3/30/23,500
joseph,3/30/23,2233
alexander,3/30/23,700
juwon,3/31/23,720
matt,3/31/23,4000
fan,4/3/23,2550
riyaz,4/3/23,3000
martin,4/3/23,5259
andres,4/3/23,2200
tanya,4/4/23,4500
thuy,4/3/23,1407
andres,4/4/23,490
xin,3/31/23,2300
andreas,4/5/23,300
shanyu,4/5/23,2400
juraj,4/5/23,550
ricky,4/5/23,1750
lani,4/5/23,2000
yeh,4/5/23,3000
george,4/6/23,1100
joseph,4/6/23,717
huang,4/4/23,850
juwon,4/7/23,1141
meng-ping,4/7/23,3200
wen,4/10/23,3300
ethan,4/7/23,825
daniel,4/7/23,490
joy,4/7/23,1320
ryab,4/7/23,450
jake,4/10/23,500
vasile,4/11/23,5000
austin,4/11/23,1400
ibrahim,4/11/23,5000
jake,4/12/23,1026
reiman,4/12/23,125
stephen,4/12/23,1000
broc,4/13/23,6391
nicholas,4/13/23,3285
kevin,4/13/23,8000
kevin,4/17/23,400
kevin,4/13/23,8000
george,4/17/23,775
remmelt,4/17/23,500
jonathan,4/17/23,667
jan,4/17/23,1200
tsai,4/18/23,3550
shih,4/18/23,3608
chun-mei,4/18/23,7000
calvyn,4/18/23,1000
daniel,4/18/23,2100
corey,4/18/23,1000
albert,4/19/23,6760
wu,4/20/23,901
carmelo,4/20/23,482
meng-ping,4/19/2023,1047
christian,4/19/2023,1500
tom,4/19/2023,400
jason,4/19/2023,3250
sean,4/18/2023,6304
tony,4/18/2023,2570
lani,4/17/2023,5570
duy,4/17/2023,12300
toan,4/14/2023,8500
sean,4/14/2023,2000
claibourne,4/13/2023,250
colin,4/13/2023,3500
adithya,4/11/2023,1543
nigel,4/6/2023,10481
rifaat,4/4/2023,2183
isaac,4/4/2023,3000
nigel,4/3/2023,8000
noah,4/3/2023,961
fahad,3/31/2023,3300
chad,3/30/2023,2675
raymond,3/30/2023,1500
robert,3/28/2023,4000
zane,3/28/2023,800
brian,3/28/2023,3500
saboor,3/27/2023,1254
brian,3/24/2023,500
ryan,3/22/2023,4640
john,3/22/2023,2500
abdullah,3/21/2023,1950
brian,3/20/2023,1471
aaron,3/20/2023,2549
thiago,3/17/2023,1000
andrew,3/16/2023,4438
steven,3/16/2023,678
derek,3/16/2023,5000
chang,3/16/2023,2200
kodmur,3/15/2023,1200
fahad,3/13/2023,1790
dylan,3/10/2023,4971
darell,3/9/2023,768
riccardo,3/9/2023,700
brian,3/8/2023,3500
matthew,3/6/2023,993
peter,3/6/2023,3859
jung,3/2/2023,4792
ching-chung,3/2/2023,350
dylan,3/2/2023,3000
heejin,3/1/2023,5000
derek,3/1/2023,5000
jung,3/1/2023,3000
riccardo,2/28/2023,600
james,2/27/2023,500
ryan,2/23/2023,3805
raymond,2/22/2023,1000
michael,2/21/2023,631
riccardo,2/16/2023,800
torrey,2/14/2023,5277
jung,2/14/2023,10000
james,2/14/2023,600
antonio,2/14/2023,4250
abdullah,2/13/2023,2700
ammar,2/9/2023,8187
ben,2/8/2023,2111
spencer,2/8/2023,444
amir,2/7/2023,2354
eric,2/7/2023,138
james,2/7/2023,350
mickael,2/1/2023,1687
siraux,2/6/2023,4500
ilan,2/6/2023,1500
chun-mei,2/3/2023,4168
fu-wei,2/3/2023,1054
shadilal,2/2/2023,14104
fahad,2/2/2023,2000
ammar,1/30/2023,3809
joseph,1/30/2023,1056
hong,1/30/2023,4900
siraux,1/27/2023,4000
moses,1/27/2023,535
jermel,1/25/23,382
orlando,1/25/23,1000
gregory,1/25/2023,3556
gregory,1/24/2023,3556
peter,1/24/2023,1003
simon,1/24/2023,10613
wouter,1/24/23,1250
hassan,1/24/2023,5066
rene,1/24/23,138
dalvin,1/24/23,1025
joy,1/24/23,976
robert,1/23/23,5000
darell,1/23/2023,860
john,1/23/2023,4107
bradley,1/20/2023,2222
aleksandar,1/20/2023,6100
ryan,1/20/2023,1836
benjamin,1/19/23,3506
jhe-jia,1/18/23,6735
chung-hung,1/18/23,1682
owen,1/18/2023,287
raymond,1/18/2023,122
fahad,1/17/2023,2640
scott,1/17/23,600
hong,1/17/2023,4600
ching-han,1/17/23,1500
ammar,1/17/2023,1661
ta-jung,1/16/23,1800
john,1/16/23,325
easton,1/16/2023,3211
chung-hung,1/16/23,2500
bela,1/13/23,2000
ryan,1/13/2023,2750
ievgenii,1/13/2023,3000
jose,1/13/2023,6185
backer,1/12/23,92
shannon,1/12/23,8455
robert,1/11/23,548
chih-ling,1/11/23,250
xiaoyu,1/11/23,3700
sarah,1/11/2023,709
peter,1/11/23,5000
jose,1/11/23,2380
dalvin,1/10/23,1219
lani,1/10/23,550
chen,1/10/23,4500
jhe-jia,1/10/23,1450
tzu-wei,1/10/23,4537
jermel,1/9/23,1970
yu-hao,1/9/23,500
mark,1/9/23,2644
jin-wei,1/6/23,764
derrick,1/6/23,1000
chun-yi,1/6/2023,8000
beomyeong,1/5/23,202
tzu-wei,1/4/23,1888
fan,1/4/23,1907
chen,1/4/23,2703
blake,1/4/23,1050
ping,1/3/23,5000
cheng-tao,1/3/23,5000
fong-lung,1/3/23,100
lai,1/3/23,280
benjamin,1/3/23,250
xiaoyu,1/3/23,1900
beomyeong,1/3/23,1000
joseph,1/3/23,929
hui-ying,1/3/2023,2500
chih-chieh,12/30/22,684
maksymilian,12/29/22,5450
brian,12/29/22,7
ali,12/29/22,1792
oktay,12/29/22,200
jose,12/29/22,900
chih-chieh,12/29/22,2200
alissa,12/28/22,6500
backer,12/28/22,92
vanessa,12/28/22,1200
sheng-sian,12/28/22,2483
peter,12/28/22,1000
zachary,12/27/22,4300
paal,12/27/22,6642
alexis,12/27/22,1000
philip,12/21/2022,170
addyson,12/21/2022,386
scott,12/21/22,550
blake,12/20/22,1500
addyson,12/20/2022,300
bradley,12/20/2022,3163
davyn,12/19/22,1035
chao,12/19/22,1100
clifford,12/19/22,1250
john,12/19/22,1000
austin,12/19/22,1000
orlando,12/19/22,2000
basanath,12/19/22,5123
joy,12/19/22,397
woody,12/16/2022,1206
ammar,12/15/22,10000
james,12/14/22,1164
christian,12/14/2022,523
joshua,12/14/22,466
antun,12/14/2022,1944
justin,12/14/2022,4006
easton,12/13/22,6250
zackary,12/12/2022,3368
christena,12/12/2022,2350
james,12/12/22,1000
elshad,12/12/22,906
mena,12/12/2022,756
easton,12/12/22,2100
josh,12/12/22,172
aaron,12/9/2022,3680
alexis,12/9/22,2000
scott,12/8/22,1200
joshua,12/8/22,1750
han-kuei,12/8/22,1600
blake,12/8/22,1150
kuan-yu,12/7/2022,2950
pierce,12/7/22,7250
christopher,12/7/22,548
christian,12/7/22,1280
ayvel,12/7/22,1400
jack,12/6/22,1050
kuncheng,12/6/22,1500
jesse,12/6/2022,2500
jose,12/5/22,3100
maria,12/5/2022,1000
andre,12/2/22,264
joy,12/2/22,1454
jose,12/1/22,4000
woody,12/1/22,7000
dalvin,12/1/22,1576
peter,11/30/22,500
georg,11/30/22,707
jimmy,11/30/2022,2006
han-kuei,11/30/22,1954
blake,11/30/22,700
saboor,11/29/2022,1833
inchol,11/29/22,3000
xi,11/29/22,3114
danylo,11/29/2022,1150
kuan-yu,11/29/2022,2900
hsuan-hsuan,11/28/22,552
wei-ting,11/28/22,3000
miguel,11/28/22,6500
anne,11/28/22,1268
wei,11/28/22,1374
jerome,11/28/22,400
david,11/28/22,3000
bradley,11/28/2022,4000
jyun-yan,11/28/2022,1000
joseph,11/23/22,470
matthew,11/23/22,2500
christopher,11/23/22,1400
huang-yao,11/23/22,5000
luis,11/23/2022,162
scott,11/23/22,1738
doug,11/23/22,800
han-kuei,11/23/22,1250
philip,11/23/2022,500
martin,11/22/2022,534
bao,11/22/2022,3123
zachary,11/22/2022,4694
kiyoshi,11/22/22,10000
anthony,11/22/22,1007
gao,11/22/22,1000
aaron,11/21/22,2500
david,11/21/22,3000
jowald,11/21/22,1000
siraux,11/21/2022,5500
chun-ying,11/21/2022,3500
faiqua,11/21/2022,1700
scott,11/21/22,5867
rifaat,11/21/2022,2331
ammar,11/18/2022,4734
antun,11/18/22,9000
ayvel,11/18/22,800
jack,11/18/22,1050
jia,11/18/22,1305
shawshin,11/18/22,802
quoc,11/17/22,1982
cesar,11/17/22,920
inchol,11/17/22,1000
romain,11/17/2022,894
mark,11/16/22,6931
spencer,11/16/22,4381
alexander,11/16/22,2000
han-kuei,11/16/22,700
christopher,11/16/22,1500
francis,11/16/22,5000
zachary,11/16/22,8300
maksymilian,11/15/22,5500
rene,11/15/22,1331
joshua,11/15/22,900
zheng,11/15/22,2100
joy,11/15/22,1232
marcus,11/15/22,500
jesse,11/14/22,5000
steven,11/14/22,4500
martin,11/14/22,6000
benjamin,11/14/22,56
lai,11/14/22,15
scott,11/14/22,427
dylan,11/4/22,2000
hao-yuan,11/14/22,2743
steven,11/14/22,4500
christopher,11/14/2022,500
mena,11/14/2022,200
parisa,11/11/22,10000
rene,11/11/22,1215
ali,11/11/2022,3000
kuan-yu,11/11/2022,4500
jeffrey,11/10/22,800
blake,11/10/22,1000
grant,11/10/22,1000
cesar,11/10/22,200
chun,11/10/22,430
ma,11/10/2022,1570
scott,11/9/2022,4608
bowei,11/9/2022,372
shadilal,11/9/22,6450
ammar,11/9/22,1000
jason,11/8/2022,4740
joshua,11/8/22,250
matthew,11/8/22,1773
bretton,11/8/22,1090
dylan,11/7/22,4295
melania,11/7/22,1600
earl,11/4/22,5150
amir,11/4/22,5000
siraux,11/7/2022,5000
yen-hung,11/4/22,1883
hsieh,11/4/22,1071
chun-yi,11/4/2022,7847
george,11/4/22,1250
markus,11/4/22,10000
efraim,11/2/2022,5040
stuart,11/2/22,1721
rene,11/2/22,965
cho,11/2/22,2788
joshua,11/2/22,2300
bowei,11/1/22,4373
danylo,11/1/22,4900
quezia,11/1/2022,1500
zahid,11/1/2022,740
michael,10/31/2022,871
fan,10/31/22,2236
daniel,10/31/22,500
louis,10/31/22,8389
emeline,10/31/22,2000
chun-yi,10/31/22,7000
shu-hui,10/31/2022,6000
jeffrey,10/28/22,153
bowei,10/28/22,4700
john,10/28/2022,760
jose,10/28/2022,4000
joshua,10/28/2022,1500
benjamin,10/27/2022,742
harsha,10/27/22,1500
wei,10/27/22,1000
earl,10/27/22,114
yousef,10/27/2022,2000
chang-chun,10/26/2022,1068
wei-shan,10/26/22,2525
tevin,10/26/22,1120
joshua,10/26/22,265
ya-han,10/25/22,586
sin-yi,10/24/22,2032
chih-ling,10/24/22,1199
zachary,10/25/2022,6760
ming,10/24/2022,13862
divie,10/24/22,2000
kuang,10/24/22,5000
keith,10/24/22,2300
tulio,10/24/2022,2725
wayne,10/21/2022,9375
matthew,10/21/22,3002
emeline,10/21/22,2400
joshua,10/21/22,800
candice,10/21/22,480
wei-shan,10/21/22,1799
ali,10/21/2022,6134
mena,10/21/2022,500
efraim,10/20/22,9000
joshua,10/20/2022,500
alexander,10/20/22,600
chih-ling,10/20/22,400
yahan,10/20/22,1498
jacob,10/20/22,1250
kai,10/19/2022,1300
yen-hung,10/19/22,1200
tam,10/19/2022,792
ching,10/19/22,1783
yun-yang,10/19/22,1320
jason,10/19/22,10000
russell,10/18/22,1300
chang-chun,10/18/22,10000
manuel,10/17/22,581
jose,10/17/2022,2000
laxman,10/17/2022,1000
zachary,10/14/2022,11350
scott,10/14/22,1356
yi-chu,10/14/22,1364
emeline,10/14/22,1200
wei-shan,10/14/22,2250
michael,10/14/2022,800
shu-hui,10/14/2022,3500
alexander,10/13/2022,5162
grant,10/13/2022,2000
abraham,10/12/2022,1025
ammar,10/11/22,3967
braden,10/11/2022,596
corey,10/11/22,541
joshua,10/11/22,400
tim,10/11/2022,230
jhe-jia,10/11/2022,4650
chien-szu,10/10/2022,89
zahid,10/10/2022,949
weng,10/10/2022,1150
alexander,10/7/22,471
emeline,10/7/22,2300
matthew,10/7/22,267
anthony,10/6/2022,1005
candice,10/6/22,550
wei-shan,10/5/22,2151
joshua,10/4/22,1000
alejandro,10/4/22,7500
filippo,10/4/2022,500
james,10/4/2022,800
kris,10/3/2022,315
stephen,10/3/22,1171
petr,10/3/22,2343
po-hsun,10/3/22,985
hee,9/30/22,2200
jakub,9/30/2022,986
abraham,9/30/2022,1196
chien-szu,9/30/2022,5500
christena,9/29/2022,2750
